{
  "baseline": {
    "avg_wait": 41.92333333333333,
    "avg_queue": 0.4666666666666666,
    "throughput": 1200.3333333333333
  },
  "model": {
    "avg_wait": 21.51,
    "avg_queue": 0.29,
    "throughput": 1237.6666666666667
  },
  "improvement": {
    "wait_pct": 48.7,
    "queue_pct": 37.9,
    "throughput_pct": 3.1
  }
}